"subject_uri","birthYear","country","nationality"
"http://dbpedia.org/resource/William_Penn",1644,"Kingdom_of_England",
"http://dbpedia.org/resource/William_Ladd",1778,,
"http://dbpedia.org/resource/Percy_Bysshe_Shelley",1792,"West_Sussex",
"http://dbpedia.org/resource/Elizabeth_Pease_Nichol",1807,,"British"
"http://dbpedia.org/resource/John_Bosco",1815,"Kingdom_of_Sardinia",
"http://dbpedia.org/resource/Henry_David_Thoreau",1817,,
"http://dbpedia.org/resource/Julia_Ward_Howe",1819,,
"http://dbpedia.org/resource/Frédéric_Passy",1822,"France","French"
"http://dbpedia.org/resource/Henry_Dunant",1828,,"Swiss"
"http://dbpedia.org/resource/Henry_Dunant",1828,,"Cinema_of_Switzerland"
"http://dbpedia.org/resource/Leo_Tolstoy",1828,"Russian_Empire",
"http://dbpedia.org/resource/Randal_Cremer",1828,"Hampshire",
"http://dbpedia.org/resource/Priscilla_Hannah_Peckover",1833,,"British"
"http://dbpedia.org/resource/Élie_Ducommun",1833,,
"http://dbpedia.org/resource/Andrew_Carnegie",1835,,
"http://dbpedia.org/resource/Olympia_Brown",1835,,
"http://dbpedia.org/resource/Matilde_Bajer",1840,,"Danish"
"http://dbpedia.org/resource/Émilie_de_Morsier",1843,,"Swiss"
"http://dbpedia.org/resource/Bertha_von_Suttner",1843,"Austrian_Empire",
"http://dbpedia.org/resource/Bertha_von_Suttner",1843,"Kingdom_of_Bohemia",
"http://dbpedia.org/resource/Maria_Pognon",1844,,"French"
"http://dbpedia.org/resource/Klas_Pontus_Arnoldson",1844,"Sweden",
"http://dbpedia.org/resource/Benjamin_Franklin_Trueblood",1847,,
"http://dbpedia.org/resource/Ann-Margret_Holmgren",1850,,"Swedish"
"http://dbpedia.org/resource/Agda_Montelius",1850,,
"http://dbpedia.org/resource/Aletta_Jacobs",1854,"Netherlands","Netherlands"
"http://dbpedia.org/resource/Alfred_Vanderpol",1854,,"French"
"http://dbpedia.org/resource/Henri_La_Fontaine",1854,"Belgium",
"http://dbpedia.org/resource/Pope_Benedict_XV",1854,"Kingdom_of_Sardinia",
"http://dbpedia.org/resource/Avril_de_Sainte-Croix",1855,,"French"
"http://dbpedia.org/resource/Margaret_Ashton",1856,,"British"
"http://dbpedia.org/resource/Keir_Hardie",1856,,
"http://dbpedia.org/resource/Anita_Augspurg",1857,,"German"
"http://dbpedia.org/resource/Anita_Augspurg",1857,,"Germans"
"http://dbpedia.org/resource/Clara_Zetkin",1857,"German_Confederation",
"http://dbpedia.org/resource/Clara_Zetkin",1857,"Kingdom_of_Saxony",
"http://dbpedia.org/resource/Albert_Bourderon",1858,,"French"
"http://dbpedia.org/resource/Ludwig_Quidde",1858,,
"http://dbpedia.org/resource/Jean_Jaurès",1859,"Second_French_Empire","French_people"
"http://dbpedia.org/resource/Eline_Hansen",1859,,"Danish"
"http://dbpedia.org/resource/L._L._Zamenhof",1859,"Russian_Empire",
"http://dbpedia.org/resource/George_Lansbury",1859,"Suffolk",
"http://dbpedia.org/resource/L._L._Zamenhof",1859,"Grodno_Governorate",
"http://dbpedia.org/resource/Emily_Hobhouse",1860,"England",
"http://dbpedia.org/resource/Jane_Addams",1860,,
"http://dbpedia.org/resource/Han_Ryner",1861,"French_Algeria",
"http://dbpedia.org/resource/Han_Ryner",1861,"Algeria",
"http://dbpedia.org/resource/Julia_Solly",1862,,"British/South African"
"http://dbpedia.org/resource/Lucina_Hagman",1863,,"Finland"
"http://dbpedia.org/resource/Arthur_Henderson",1863,"Scotland",
"http://dbpedia.org/resource/Hugo_Haase",1863,"East_Prussia",
"http://dbpedia.org/resource/Alfred_Hermann_Fried",1864,"Austrian_Empire",
"http://dbpedia.org/resource/Helena_Swanwick",1864,,
"http://dbpedia.org/resource/Anton_Bacalbașa",1865,,"Romanian"
"http://dbpedia.org/resource/Anton_Bacalbașa",1865,,"Romania"
"http://dbpedia.org/resource/John_Mott",1865,,
"http://dbpedia.org/resource/Harriet_Dunlop_Prenter",1865,,"Canadians"
"http://dbpedia.org/resource/Christine_Ross_Barker",1866,,"Canadian"
"http://dbpedia.org/resource/Emilia_Broomé",1866,,"Swedish"
"http://dbpedia.org/resource/Alice_Amelia_Chown",1866,,"Canadian"
"http://dbpedia.org/resource/Christine_Ross_Barker",1866,,"Canadians"
"http://dbpedia.org/resource/Romain_Rolland",1866,,
"http://dbpedia.org/resource/Sophonisba_Breckinridge",1866,,
"http://dbpedia.org/resource/Emily_Greene_Balch",1867,,"American"
"http://dbpedia.org/resource/Lillian_Wald",1867,,
"http://dbpedia.org/resource/Anna_B._Eckstein",1868,,
"http://dbpedia.org/resource/Émile_Chartier",1868,,
"http://dbpedia.org/resource/Alma_Dolens",1869,,"Italian"
"http://dbpedia.org/resource/Alma_Dolens",1869,,"Italians"
"http://dbpedia.org/resource/Emma_Goldman",1869,"Russian_Empire",
"http://dbpedia.org/resource/Emma_Goldman",1869,"Kovno_Governorate",
"http://dbpedia.org/resource/Mahatma_Gandhi",1869,"British_Raj",
"http://dbpedia.org/resource/Christian_Lous_Lange",1869,"Norway",
"http://dbpedia.org/resource/Mahatma_Gandhi",1869,"Porbandar_State",
"http://dbpedia.org/resource/Vasily_Pozdnyakov",1869,"Georgia_(country)","Russian_Empire"
"http://dbpedia.org/resource/Lilian_Stevenson",1870,,"Irish"
"http://dbpedia.org/resource/Gabrielle_Duchêne",1870,,"French"
"http://dbpedia.org/resource/Ada_Nield_Chew",1870,,"British"
"http://dbpedia.org/resource/Fernand_Loriot",1870,,"French"
"http://dbpedia.org/resource/Gustav_Landauer",1870,"Grand_Duchy_of_Baden",
"http://dbpedia.org/resource/Florence_Jaffray_Harriman",1870,,
"http://dbpedia.org/resource/Cornelia_Ramondt-Hirschmann",1871,,"Dutch"
"http://dbpedia.org/resource/Cornelia_Ramondt-Hirschmann",1871,,"Feminism_in_the_Netherlands"
"http://dbpedia.org/resource/Rosa_Luxemburg",1871,"Congress_Poland",
"http://dbpedia.org/resource/Rosa_Luxemburg",1871,"Russian_Empire",
"http://dbpedia.org/resource/Hannah_Clothier_Hull",1872,,"American"
"http://dbpedia.org/resource/Bertrand_Russell",1872,,
"http://dbpedia.org/resource/Chrystal_Macmillan",1872,,
"http://dbpedia.org/resource/Émile_Armand",1872,,
"http://dbpedia.org/resource/Alecu_Constantinescu",1872,,"Romanian"
"http://dbpedia.org/resource/E._D._Morel",1873,"French_Third_Republic",
"http://dbpedia.org/resource/Urbain_Ledoux",1874,"Canada","American"
"http://dbpedia.org/resource/Nicholas_Roerich",1874,"Russian_Empire","Russian"
"http://dbpedia.org/resource/Otto_Rühle",1874,"German_Empire","Germans"
"http://dbpedia.org/resource/Clara_Ragaz",1874,"Switzerland","Swiss"
"http://dbpedia.org/resource/Mien_van_Wulfften_Palthe",1875,"Dutch_East_Indies","Dutch"
"http://dbpedia.org/resource/Molly_Childers",1875,,"United_States"
"http://dbpedia.org/resource/Molly_Childers",1875,,"Irish_people"
"http://dbpedia.org/resource/Suze_Groeneweg",1875,,"Netherlands"
"http://dbpedia.org/resource/Mary_Dingman",1875,,"American"
"http://dbpedia.org/resource/Mary_Dingman",1875,,"Americans"
"http://dbpedia.org/resource/Albert_Schweitzer",1875,"German_Empire",
"http://dbpedia.org/resource/Albert_Schweitzer",1875,"Alsace-Lorraine",
"http://dbpedia.org/resource/Martha_Larsen_Jahn",1875,"Norway",
"http://dbpedia.org/resource/Félicien_Challaye",1875,,
"http://dbpedia.org/resource/Lilian_Wolfe",1875,,
"http://dbpedia.org/resource/Lola_Maverick_Lloyd",1875,,
"http://dbpedia.org/resource/Evelyn_Underhill",1875,,
"http://dbpedia.org/resource/Jeanne_Mélin",1877,,"French"
"http://dbpedia.org/resource/Rosika_Schwimmer",1877,"Kingdom_of_Hungary",
"http://dbpedia.org/resource/Gabrielle_Radziwill",1877,,
"http://dbpedia.org/resource/Pierre_Brizon",1878,,"French"
"http://dbpedia.org/resource/Yosano_Akiko",1878,"Japan",
"http://dbpedia.org/resource/Madeleine_Vernet",1878,,
"http://dbpedia.org/resource/Francis_Sheehy-Skeffington",1878,,
"http://dbpedia.org/resource/Otto_Hahn",1879,"German_Empire","German"
"http://dbpedia.org/resource/Otto_Hahn",1879,"Hesse-Nassau","German"
"http://dbpedia.org/resource/Otto_Hahn",1879,"Kingdom_of_Prussia","German"
"http://dbpedia.org/resource/Miriam_Soljak",1879,,"New Zealand"
"http://dbpedia.org/resource/Miriam_Soljak",1879,,""
"http://dbpedia.org/resource/Miriam_Soljak",1879,,"British"
"http://dbpedia.org/resource/Miriam_Soljak",1879,,"Austrian"
"http://dbpedia.org/resource/Miriam_Soljak",1879,,"Yugoslavian"
"http://dbpedia.org/resource/Albert_Einstein",1879,"German_Empire",
"http://dbpedia.org/resource/Albert_Einstein",1879,"Kingdom_of_Württemberg",
"http://dbpedia.org/resource/Jeannette_Rankin",1880,"Montana_Territory",
"http://dbpedia.org/resource/Helen_Keller",1880,,
"http://dbpedia.org/resource/Dick_Sheppard_(priest)",1880,,
"http://dbpedia.org/resource/Archibald_Baxter",1881,"New_Zealand","New Zealand"
"http://dbpedia.org/resource/Archibald_Baxter",1881,"New_Zealand","New_Zealand"
"http://dbpedia.org/resource/Heloise_Brainerd",1881,,"American"
"http://dbpedia.org/resource/Isabel_Longworth",1881,,"Australian"
"http://dbpedia.org/resource/Lewis_Fry_Richardson",1881,"United_Kingdom_of_Great_Britain_and_Ireland",
"http://dbpedia.org/resource/Rosa_Manus",1881,"Netherlands",
"http://dbpedia.org/resource/Carl_Bonnevie",1881,,
"http://dbpedia.org/resource/Crystal_Eastman",1881,,
"http://dbpedia.org/resource/Sybil_Thorndike",1882,"Lincolnshire","England"
"http://dbpedia.org/resource/Kathleen_Innes",1883,,"British"
"http://dbpedia.org/resource/Bart_de_Ligt",1883,,
"http://dbpedia.org/resource/Hans_Ehrenberg",1883,,"German"
"http://dbpedia.org/resource/Roger_Nash_Baldwin",1884,,
"http://dbpedia.org/resource/A._J._Muste",1885,,
"http://dbpedia.org/resource/Franz_Rosenzweig",1886,"German_Empire",
"http://dbpedia.org/resource/Salvador_de_Madariaga",1886,"Spain",
"http://dbpedia.org/resource/Helen_Chenevix",1886,,
"http://dbpedia.org/resource/Nikolaus_Ehlen",1886,,
"http://dbpedia.org/resource/Tano_Jōdai",1886,,
"http://dbpedia.org/resource/Laura_Hughes_(activist)",1886,,"Canadian, American"
"http://dbpedia.org/resource/Arnold_Zweig",1887,"Province_of_Silesia","German"
"http://dbpedia.org/resource/Arnold_Zweig",1887,"German_Empire","German"
"http://dbpedia.org/resource/Arnold_Zweig",1887,"Kingdom_of_Prussia","German"
"http://dbpedia.org/resource/René_Cassin",1887,"France",
"http://dbpedia.org/resource/Siri_Derkert",1888,,"Swedes"
"http://dbpedia.org/resource/Dorothy_Evans",1888,,"British"
"http://dbpedia.org/resource/Dorothy_Evans",1888,,"British_people"
"http://dbpedia.org/resource/Fenner_Brockway",1888,"Calcutta",
"http://dbpedia.org/resource/Norma_Elizabeth_Boyd",1888,"United_States",
"http://dbpedia.org/resource/Eugen_Rosenstock-Huessy",1888,"German_Empire",
"http://dbpedia.org/resource/Fenner_Brockway",1888,"British_Raj",
"http://dbpedia.org/resource/Louis_Lecoin",1888,,
"http://dbpedia.org/resource/Carl_von_Ossietzky",1889,"German_Empire",
"http://dbpedia.org/resource/Doris_Blackburn",1889,,
"http://dbpedia.org/resource/Philip_Noel-Baker",1889,,
"http://dbpedia.org/resource/Gertrud_Baer",1890,"Kingdom_of_Prussia","German"
"http://dbpedia.org/resource/Selma_Meyer",1890,,
"http://dbpedia.org/resource/B._R._Ambedkar",1891,"British_Raj",
"http://dbpedia.org/resource/Sigrid_Helliesen_Lund",1892,,"Norway"
"http://dbpedia.org/resource/Martin_Niemöller",1892,"German_Empire",
"http://dbpedia.org/resource/Anita_Parkhurst_Willcox",1892,,"American"
"http://dbpedia.org/resource/Dorothy_Detzer",1893,,"American"
"http://dbpedia.org/resource/Vera_Brittain",1893,"Staffordshire",
"http://dbpedia.org/resource/Ammon_Hennacy",1893,,
"http://dbpedia.org/resource/Rae_Luckock",1893,,
"http://dbpedia.org/resource/Annot_(artist)",1894,,"German"
"http://dbpedia.org/resource/Aldous_Huxley",1894,,
"http://dbpedia.org/resource/Igino_Giordani",1894,,
"http://dbpedia.org/resource/Vinoba_Bhave",1895,"Bombay_Presidency",
"http://dbpedia.org/resource/Vinoba_Bhave",1895,"British_India",
"http://dbpedia.org/resource/Vinoba_Bhave",1895,"India",
"http://dbpedia.org/resource/Eugen_Relgis",1895,,
"http://dbpedia.org/resource/Willemijn_Posthumus-van_der_Goot",1897,"South_Africa","Dutch"
"http://dbpedia.org/resource/Dorothy_Day",1897,,
"http://dbpedia.org/resource/Irene_Greenwood",1898,,"Australian"
"http://dbpedia.org/resource/James_Gareth_Endicott",1898,"China",
"http://dbpedia.org/resource/Mildred_Fahrni",1900,,"Canadian"
"http://dbpedia.org/resource/Lanza_del_Vasto",1901,"Italy",
"http://dbpedia.org/resource/Linus_Pauling",1901,,
"http://dbpedia.org/resource/Günther_Anders",1902,"German_Empire",
"http://dbpedia.org/resource/Amparo_Poch_y_Gascón",1902,,
"http://dbpedia.org/resource/Roger_Monclin",1903,,"French"
"http://dbpedia.org/resource/Donald_Soper",1903,,"British_people"
"http://dbpedia.org/resource/Benjamin_Spock",1903,,
"http://dbpedia.org/resource/Ella_Baker",1903,,
"http://dbpedia.org/resource/Ava_Helen_Pauling",1903,,
"http://dbpedia.org/resource/Waldo_Williams",1904,,"Welsh"
"http://dbpedia.org/resource/John_Peters_Humphrey",1905,,
"http://dbpedia.org/resource/Albert_Bigelow",1906,,
"http://dbpedia.org/resource/Abraham_Joshua_Heschel",1907,,
"http://dbpedia.org/resource/Peace_Pilgrim",1908,,
"http://dbpedia.org/resource/Muriel_Duckworth",1908,,
"http://dbpedia.org/resource/Idy_Hegnauer",1909,,"Swiss"
"http://dbpedia.org/resource/Margaret_Holmes",1909,,
"http://dbpedia.org/resource/Hélder_Câmara",1909,,
"http://dbpedia.org/resource/Peggy_Duff",1910,,"British"
"http://dbpedia.org/resource/Alfonso_García_Robles",1911,"Mexico",
"http://dbpedia.org/resource/Paul_Goodman",1911,,
"http://dbpedia.org/resource/Genevieve_Fiore",1912,,"American"
"http://dbpedia.org/resource/Abbé_Pierre",1912,"France",
"http://dbpedia.org/resource/Grigoris_Lambrakis",1912,,
"http://dbpedia.org/resource/Woody_Guthrie",1912,,
"http://dbpedia.org/resource/Wilson_A._Head",1914,,"Americans"
"http://dbpedia.org/resource/Wilson_A._Head",1914,,"Canadian"
"http://dbpedia.org/resource/Wilson_A._Head",1914,,"Canadians"
"http://dbpedia.org/resource/James_Peck_(pacifist)",1914,,
"http://dbpedia.org/resource/Ivan_Supek",1915,"Austria-Hungary","Croatian"
"http://dbpedia.org/resource/Ivan_Supek",1915,"Kingdom_of_Croatia-Slavonia","Croatian"
"http://dbpedia.org/resource/John_McConnell_(peace_activist)",1915,,"American"
"http://dbpedia.org/resource/David_Dellinger",1915,,
"http://dbpedia.org/resource/Norman_Cousins",1915,,
"http://dbpedia.org/resource/Thomas_Merton",1915,,"American"
"http://dbpedia.org/resource/Adam_Curle",1916,,"British"
"http://dbpedia.org/resource/Eugene_McCarthy",1916,,
"http://dbpedia.org/resource/Óscar_Romero",1917,"El_Salvador","Salvadoran"
"http://dbpedia.org/resource/Robert_Baker_Aitken",1917,,
"http://dbpedia.org/resource/Marii_Hasegawa",1918,"Japan","Japanese_people"
"http://dbpedia.org/resource/Nelson_Mandela",1918,"Union_of_South_Africa",
"http://dbpedia.org/resource/France_Hamelin",1918,,
"http://dbpedia.org/resource/Pete_Seeger",1919,,
"http://dbpedia.org/resource/Simonne_Monet-Chartrand",1919,,
"http://dbpedia.org/resource/Frances_Crowe",1919,,
"http://dbpedia.org/resource/Lawrence_Ferlinghetti",1919,,
"http://dbpedia.org/resource/Elise_M._Boulding",1920,"Norway",
"http://dbpedia.org/resource/Chiara_Lubich",1920,"Italy",
"http://dbpedia.org/resource/Pope_John_Paul_II",1920,"Second_Polish_Republic",
"http://dbpedia.org/resource/Alex_Comfort",1920,,
"http://dbpedia.org/resource/Ursula_Franklin",1921,"Weimar_Republic","German-Canadian"
"http://dbpedia.org/resource/Andrei_Sakharov",1921,"Russian_SFSR","Russian_Soviet_Federative_Socialist_Republic"
"http://dbpedia.org/resource/Daniel_Berrigan",1921,,
"http://dbpedia.org/resource/Devi_Prasad_(artist)",1921,"British_Raj","Indian"
"http://dbpedia.org/resource/Devi_Prasad_(artist)",1921,"British_Raj","India"
"http://dbpedia.org/resource/Sophie_Scholl",1921,,"German"
"http://dbpedia.org/resource/Edith_Ballantyne",1922,"First_Czechoslovak_Republic","Canadian"
"http://dbpedia.org/resource/Howard_Zinn",1922,,
"http://dbpedia.org/resource/George_McGovern",1922,,
"http://dbpedia.org/resource/Kurt_Vonnegut",1922,,
"http://dbpedia.org/resource/Walter_Wolfgang",1923,,"British"
"http://dbpedia.org/resource/Norman_Mailer",1923,,"American"
"http://dbpedia.org/resource/Mattityahu_Peled",1923,"Mandatory_Palestine",
"http://dbpedia.org/resource/Uri_Avnery",1923,"Weimar_Republic",
"http://dbpedia.org/resource/Philip_Berrigan",1923,,
"http://dbpedia.org/resource/William_Sloane_Coffin",1924,,"American"
"http://dbpedia.org/resource/Hedy_Epstein",1924,,
"http://dbpedia.org/resource/Jimmy_Carter",1924,,
"http://dbpedia.org/resource/Wahiduddin_Khan",1925,"British_India","Indian"
"http://dbpedia.org/resource/Helmuth_Hübener",1925,"Weimar_Republic",
"http://dbpedia.org/resource/Paul_Newman",1925,,
"http://dbpedia.org/resource/Christopher_Weeramantry",1926,,"Sri Lankan"
"http://dbpedia.org/resource/Geoffrey_Ostergaard",1926,,"British"
"http://dbpedia.org/resource/Thích_Nhất_Hạnh",1926,"French_Indochina",
"http://dbpedia.org/resource/Thích_Nhất_Hạnh",1926,"Annam_(French_protectorate)",
"http://dbpedia.org/resource/Murray_Rothbard",1926,,
"http://dbpedia.org/resource/Allen_Ginsberg",1926,,
"http://dbpedia.org/resource/Abie_Nathan",1927,"Persia",
"http://dbpedia.org/resource/Abie_Nathan",1927,"Abadan",
"http://dbpedia.org/resource/Olof_Palme",1927,"Sweden",
"http://dbpedia.org/resource/Bradford_Lyttle",1927,,
"http://dbpedia.org/resource/Coretta_Scott_King",1927,,
"http://dbpedia.org/resource/Cesar_Chavez",1927,,
"http://dbpedia.org/resource/Harry_Belafonte",1927,,
"http://dbpedia.org/resource/Ramsey_Clark",1927,,
"http://dbpedia.org/resource/Gene_Sharp",1928,,
"http://dbpedia.org/resource/Noam_Chomsky",1928,,
"http://dbpedia.org/resource/Jim_Radford",1928,,
"http://dbpedia.org/resource/Daisaku_Ikeda",1928,,
"http://dbpedia.org/resource/Douglas_Roche",1929,,"Canadians"
"http://dbpedia.org/resource/Marjorie_Bradford_Melville",1929,"Mexico",
"http://dbpedia.org/resource/David_McReynolds",1929,,
"http://dbpedia.org/resource/Staughton_Lynd",1929,,
"http://dbpedia.org/resource/Brigid_Brophy",1929,,
"http://dbpedia.org/resource/Bruce_Kent",1929,,
"http://dbpedia.org/resource/Martin_Luther_King_Jr.",1929,,
"http://dbpedia.org/resource/Megan_Rice",1930,,
"http://dbpedia.org/resource/Mikhail_Gorbachev",1931,"Russian_Soviet_Federative_Socialist_Republic","Russian"
"http://dbpedia.org/resource/Mikhail_Gorbachev",1931,"Russian_Soviet_Federative_Socialist_Republic",""
"http://dbpedia.org/resource/Mikhail_Gorbachev",1931,"Russian_Soviet_Federative_Socialist_Republic","Soviet"
"http://dbpedia.org/resource/Mikhail_Gorbachev",1931,"Russian_Soviet_Federative_Socialist_Republic","Soviet_people"
"http://dbpedia.org/resource/Mohamed_Sahnoun",1931,"French_Algeria","Algerian"
"http://dbpedia.org/resource/Desmond_Tutu",1931,"Union_of_South_Africa",
"http://dbpedia.org/resource/Daniel_Ellsberg",1931,,
"http://dbpedia.org/resource/David_McTaggart",1932,,"Canadian"
"http://dbpedia.org/resource/Setsuko_Thurlow",1932,,"Japanese, Canadian"
"http://dbpedia.org/resource/Paul_Krassner",1932,,
"http://dbpedia.org/resource/Louis_Vitale",1932,,
"http://dbpedia.org/resource/Dick_Gregory",1932,,
"http://dbpedia.org/resource/Sulak_Sivaraksa",1933,"Siam","Thailand"
"http://dbpedia.org/resource/Yoko_Ono",1933,,
"http://dbpedia.org/resource/Arun_Manilal_Gandhi",1934,"Union_of_South_Africa","United_States"
"http://dbpedia.org/resource/Arun_Manilal_Gandhi",1934,"Union_of_South_Africa","South_Africa"
"http://dbpedia.org/resource/Arun_Manilal_Gandhi",1934,"Union_of_South_Africa","Indian"
"http://dbpedia.org/resource/Arun_Manilal_Gandhi",1934,"Union_of_South_Africa","India"
"http://dbpedia.org/resource/Carl_Sagan",1934,,
"http://dbpedia.org/resource/Tom_Cornell",1934,,
"http://dbpedia.org/resource/Margaretta_D'Arcy",1934,,
"http://dbpedia.org/resource/Marcus_Raskin",1934,,
"http://dbpedia.org/resource/Solange_Fernex",1934,,
"http://dbpedia.org/resource/Edward_Said",1935,"Mandatory_Palestine",
"http://dbpedia.org/resource/Ron_Paul",1935,,
"http://dbpedia.org/resource/Dahlia_Ravikovitch",1936,"Mandatory_Palestine","Israeli"
"http://dbpedia.org/resource/Dahlia_Ravikovitch",1936,"Mandatory_Palestine","Israel"
"http://dbpedia.org/resource/Concepción_Picciotto",1936,,"Spanish"
"http://dbpedia.org/resource/Wavy_Gravy",1936,,"American"
"http://dbpedia.org/resource/J._Edward_Guinan",1936,,"American"
"http://dbpedia.org/resource/Václav_Havel",1936,"First_Czechoslovak_Republic",
"http://dbpedia.org/resource/James_Bevel",1936,,
"http://dbpedia.org/resource/Llorenç_Vidal_Vidal",1936,,"Spanish"
"http://dbpedia.org/resource/Abbie_Hoffman",1936,,
"http://dbpedia.org/resource/John_Hume",1937,"Northern_Ireland","Irish"
"http://dbpedia.org/resource/Martti_Ahtisaari",1937,"Russia",
"http://dbpedia.org/resource/Cheng_Yen",1937,"Taichū_Prefecture",
"http://dbpedia.org/resource/George_Lakey",1937,,
"http://dbpedia.org/resource/Jane_Fonda",1937,,
"http://dbpedia.org/resource/Colman_McCarthy",1938,,"American"
"http://dbpedia.org/resource/Ellen_Johnson_Sirleaf",1938,"Liberia",
"http://dbpedia.org/resource/Peter_Yarrow",1938,,
"http://dbpedia.org/resource/Helen_Caldicott",1938,,
"http://dbpedia.org/resource/Jerry_Rubin",1938,,
"http://dbpedia.org/resource/Marcia_Freedman",1938,,
"http://dbpedia.org/resource/Fredrik_Heffermehl",1938,,"Norway"
"http://dbpedia.org/resource/Bernie_Glassman",1939,"United_States","United_States"
"http://dbpedia.org/resource/Ada_Yonath",1939,"Mandatory_Palestine",
"http://dbpedia.org/resource/Ada_Yonath",1939,"Israel",
"http://dbpedia.org/resource/José_Argüelles",1939,,
"http://dbpedia.org/resource/Judy_Collins",1939,,
"http://dbpedia.org/resource/Elizabeth_McAlister",1939,,
"http://dbpedia.org/resource/Stew_Albert",1939,,
"http://dbpedia.org/resource/Tom_Hayden",1939,,
"http://dbpedia.org/resource/Ed_Sanders",1939,,
"http://dbpedia.org/resource/H._James_Shea_Jr.",1939,,
"http://dbpedia.org/resource/Wangari_Maathai",1940,"Kenya_Colony",
"http://dbpedia.org/resource/Bernard_Lafayette",1940,,
"http://dbpedia.org/resource/Judith_Hand",1940,,
"http://dbpedia.org/resource/Rennie_Davis",1940,,
"http://dbpedia.org/resource/Ringo_Starr",1940,,
"http://dbpedia.org/resource/Thomas_Lewis_(activist)",1940,,
"http://dbpedia.org/resource/John_Lennon",1940,,
"http://dbpedia.org/resource/Martin_Sheen",1940,,
"http://dbpedia.org/resource/Phil_Ochs",1940,,
"http://dbpedia.org/resource/Owen_Wilkes",1940,"New_Zealand","New Zealand"
"http://dbpedia.org/resource/Owen_Wilkes",1940,"New_Zealand","New_Zealand"
"http://dbpedia.org/resource/Amelia_Rokotuivuna",1941,"Fiji","Fijian"
"http://dbpedia.org/resource/Amelia_Rokotuivuna",1941,"Fiji","Fiji"
"http://dbpedia.org/resource/Brian_Willson",1941,,
"http://dbpedia.org/resource/Jim_Forest",1941,,
"http://dbpedia.org/resource/Joan_Baez",1941,,
"http://dbpedia.org/resource/Daniel_Barenboim",1942,,"Argentina"
"http://dbpedia.org/resource/Daniel_Barenboim",1942,,"Israel"
"http://dbpedia.org/resource/Daniel_Barenboim",1942,,"Spain"
"http://dbpedia.org/resource/Daniel_Barenboim",1942,,"State of Palestine"
"http://dbpedia.org/resource/Daniel_Barenboim",1942,,""
"http://dbpedia.org/resource/Howard_Morland",1942,,
"http://dbpedia.org/resource/Helen_Steven",1942,,
"http://dbpedia.org/resource/Tadatoshi_Akiba",1942,,
"http://dbpedia.org/resource/Betty_Williams_(peace_activist)",1943,"Northern_Ireland","Northern Irish"
"http://dbpedia.org/resource/Roger_Waters",1943,,
"http://dbpedia.org/resource/John_Wallach",1943,,
"http://dbpedia.org/resource/George_Harrison",1943,,
"http://dbpedia.org/resource/Bhikkhu_Bodhi",1944,,"American"
"http://dbpedia.org/resource/Chico_Mendes",1944,"Brazil",
"http://dbpedia.org/resource/Ruth_Adler",1944,"Devon",
"http://dbpedia.org/resource/Mairead_Maguire",1944,"Northern_Ireland",
"http://dbpedia.org/resource/Michael_Ferber",1944,,
"http://dbpedia.org/resource/Bob_Marley",1945,"Colony_of_Jamaica",
"http://dbpedia.org/resource/Mohammed_Dajani_Daoudi",1946,,"Palestinian"
"http://dbpedia.org/resource/Teresa_Sarti_Strada",1946,,"Italian"
"http://dbpedia.org/resource/Jo_Vallentine",1946,,"Australian"
"http://dbpedia.org/resource/Mark_Satin",1946,,"American"
"http://dbpedia.org/resource/Mohammed_Dajani_Daoudi",1946,,"Palestinian_people"
"http://dbpedia.org/resource/Dennis_Kucinich",1946,"United_States",
"http://dbpedia.org/resource/Alexander_Langer",1946,"Italy",
"http://dbpedia.org/resource/Alexander_Langer",1946,"South_Tyrol",
"http://dbpedia.org/resource/Ron_Kovic",1946,,
"http://dbpedia.org/resource/Danny_Glover",1946,,
"http://dbpedia.org/resource/Jeff_Halper",1946,,"United States/Israel"
"http://dbpedia.org/resource/Alfred-Maurice_de_Zayas",1947,"Republic_of_Cuba_(1902–1959)","Cuban_Americans"
"http://dbpedia.org/resource/Alfred-Maurice_de_Zayas",1947,"Republic_of_Cuba_(1902–1959)","Swiss_people"
"http://dbpedia.org/resource/Ellen_Thomas",1947,,"American"
"http://dbpedia.org/resource/Shirin_Ebadi",1947,"Iran",
"http://dbpedia.org/resource/Petra_Kelly",1947,,
"http://dbpedia.org/resource/Thomas_(activist)",1947,,
"http://dbpedia.org/resource/Carlos_Filipe_Ximenes_Belo",1948,"Portuguese_Timor","East Timorese"
"http://dbpedia.org/resource/Carlos_Filipe_Ximenes_Belo",1948,"Portuguese_Timor","East_Timorese"
"http://dbpedia.org/resource/Zorica_Jevremović",1948,"Federal_People's_Republic_of_Yugoslavia",
"http://dbpedia.org/resource/Cat_Stevens",1948,,
"http://dbpedia.org/resource/G._Simon_Harak",1948,,
"http://dbpedia.org/resource/Gino_Strada",1948,,
"http://dbpedia.org/resource/Brian_Haw",1949,"Essex","British"
"http://dbpedia.org/resource/David_Dean_Shulman",1949,"United_States",
"http://dbpedia.org/resource/José_Ramos-Horta",1949,"East_Timor",
"http://dbpedia.org/resource/José_Ramos-Horta",1949,"Portuguese_Timor",
"http://dbpedia.org/resource/Jeremy_Corbyn",1949,,
"http://dbpedia.org/resource/Jody_Williams",1950,,"American"
"http://dbpedia.org/resource/Tom_Fox_(Quaker)",1951,,
"http://dbpedia.org/resource/Justin_Raimondo",1951,,
"http://dbpedia.org/resource/Peter_Tatchell",1952,"Australia",""
"http://dbpedia.org/resource/Peter_Tatchell",1952,"Australia","British"
"http://dbpedia.org/resource/Peter_Tatchell",1952,"Australia","Australian"
"http://dbpedia.org/resource/Mordechai_Vanunu",1952,"French_Morocco","Israeli"
"http://dbpedia.org/resource/Medea_Benjamin",1952,,"American"
"http://dbpedia.org/resource/Kathy_Kelly",1952,,
"http://dbpedia.org/resource/Eric_Garris",1953,,"American"
"http://dbpedia.org/resource/Janet_Bloomfield",1953,"England",
"http://dbpedia.org/resource/Janet_Bloomfield",1953,"Staffordshire",
"http://dbpedia.org/resource/José_Bové",1953,"France",
"http://dbpedia.org/resource/Monica_McWilliams",1954,"Northern_Ireland",
"http://dbpedia.org/resource/Medha_Patkar",1954,,
"http://dbpedia.org/resource/Coleen_Rowley",1954,,
"http://dbpedia.org/resource/Kailash_Satyarthi",1954,,
"http://dbpedia.org/resource/Adi_Roche",1955,"Republic_of_Ireland","Irish_people"
"http://dbpedia.org/resource/Nobuto_Hosaka",1955,"Japan",
"http://dbpedia.org/resource/Ravi_Shankar_(spiritual_leader)",1956,,
"http://dbpedia.org/resource/Edip_Yüksel",1957,"Turkey",
"http://dbpedia.org/resource/Laurence_Overmire",1957,"U.S.",
"http://dbpedia.org/resource/Cindy_Sheehan",1957,,
"http://dbpedia.org/resource/Amy_Goodman",1957,,
"http://dbpedia.org/resource/Darrell_Rankin",1957,,
"http://dbpedia.org/resource/Craig_Murray",1958,"Norfolk","Scottish"
"http://dbpedia.org/resource/Craig_Murray",1958,"Norfolk","Scottish_people"
"http://dbpedia.org/resource/Rigoberta_Menchú",1959,"Guatemala","Guatemalans"
"http://dbpedia.org/resource/Jeanmarie_Simpson",1959,,
"http://dbpedia.org/resource/Gabriele_Moreno_Locatelli",1959,"Italy","Italy"
"http://dbpedia.org/resource/Bono",1960,"Republic_of_Ireland",
"http://dbpedia.org/resource/Ciaron_O'Reilly",1960,,"Australian"
"http://dbpedia.org/resource/Arundhati_Roy",1961,,
"http://dbpedia.org/resource/Manasi_Pradhan",1962,,"Indian"
"http://dbpedia.org/resource/Alyn_Ware",1962,,"New Zealand"
"http://dbpedia.org/resource/Molly_Scott_Cato",1963,,"British"
"http://dbpedia.org/resource/Stellan_Vinthagen",1964,,
"http://dbpedia.org/resource/Dekha_Ibrahim_Abdi",1964,"Kenya","Kenyan"
"http://dbpedia.org/resource/Dekha_Ibrahim_Abdi",1964,"Kenya","Kenya"
"http://dbpedia.org/resource/Lobsang_Sangay",1968,"India",
"http://dbpedia.org/resource/Julian_Assange",1971,,
"http://dbpedia.org/resource/Leymah_Gbowee",1972,"Liberia","Liberian"
"http://dbpedia.org/resource/Leymah_Gbowee",1972,"Liberia","Liberia"
"http://dbpedia.org/resource/Samantha_Smith",1972,,
"http://dbpedia.org/resource/Aviv_Geffen",1973,,
"http://dbpedia.org/resource/Vittorio_Arrigoni",1975,"Italy","Italy"
"http://dbpedia.org/resource/Ingrid_Fiskaa",1977,"Buskerud",
"http://dbpedia.org/resource/Ingrid_Fiskaa",1977,"Norway",
"http://dbpedia.org/resource/Tawakkol_Karman",1979,"Yemen_Arab_Republic","Yemen"
"http://dbpedia.org/resource/Rachel_Corrie",1979,,
"http://dbpedia.org/resource/Malebogo_Molefhe",1980,,"Botswana"
"http://dbpedia.org/resource/Adam_Kokesh",1982,,"American"
"http://dbpedia.org/resource/Lowkey",1986,"England",
"http://dbpedia.org/resource/Kirthi_Jayakumar",1987,,"Indian"
"http://dbpedia.org/resource/Edvin_Kanka_Ćudić",1988,"SFR_Yugoslavia",
"http://dbpedia.org/resource/Alaa_Murabit",1989,,"Canada"
"http://dbpedia.org/resource/Alaa_Murabit",1989,,"Libya"
"http://dbpedia.org/resource/Angelo_Cardona",1997,,
"http://dbpedia.org/resource/Malala_Yousafzai",1997,,
